product,category
ванилин,Кондитерские
варение,Кондитерские
варенье,Кондитерские
круассан,Кондитерские
печение,Кондитерские
пряник,Кондитерские
сироп,Кондитерские
сладкое,Кондитерские
хлеб,Кондитерские
чай,Кондитерские
шоколад,Кондитерские
шоколадка,Кондитерские
шоколадный,Кондитерские
икра,Консервы
консерва,Консервы
консервированный,Консервы
маслина,Консервы
оливка,Консервы
сардина,Консервы
шпрот,Консервы
бальзам,Косметика
бритьё,Косметика
бритья,Косметика
волос,Косметика
дезик,Косметика
дезики,Косметика
дезодорант,Косметика
душа,Косметика
зубн,Косметика
зубной,Косметика
кондиционер,Косметика
косметический,Косметика
крем,Косметика
станок,Косметика
тело,Косметика
шампунь,Косметика
булгур,Крупы
вермишель,Крупы
вермишель,Крупы
горох,Крупы
гранола,Крупы
гречка,Крупы
дрожжи,Крупы
каша,Крупы
киноа,Крупы
куркума,Крупы
кус,Крупы
кус-кус,Крупы
кускус,Крупы
лапша,Крупы
макароны,Крупы
мука,Крупы
овсянка,Крупы
перловка,Крупы
приправа,Крупы
пудра,Крупы
разрыхлитель,Крупы
рафинад,Крупы
рис,Крупы
сахар,Крупы
соль,Крупы
спагетти,Крупы
трава,Крупы
удон,Крупы
фасоль,Крупы
фунчоз,Крупы
хлопья,Крупы
чечевица,Крупы
йогурт,Молочные продукты
кефир,Молочные продукты
маргарин,Молочные продукты
молоко,Молочные продукты
моцарелла,Молочные продукты
пармезан,Молочные продукты
простокваша,Молочные продукты
рикотт,Молочные продукты
ряженка,Молочные продукты
сгущёнка,Молочные продукты
сливка,Молочные продукты
сливочное,Молочные продукты
сливочный,Молочные продукты
сметана,Молочные продукты
сулугуни,Молочные продукты
сыр,Молочные продукты
сырок,Молочные продукты
творог,Молочные продукты
фета,Молочные продукты
халуметь,Молочные продукты
яйцо,Молочные продукты
бекон,Мясо
ветчина,Мясо
выерзкий,Мясо
говядина,Мясо
говяжий,Мясо
грудинка,Мясо
желудок,Мясо
индейка,Мясо
карбонад,Мясо
колбаса,Мясо
корейка,Мясо
котлета,Мясо
крыло,Мясо
куриное филе,Мясо
куриный,Мясо
курица,Мясо
лопатка,Мясо
мясной,Мясо
мясо,Мясо
окорка,Мясо
окорочок,Мясо
отбивной,Мясо
печень,Мясо
пупок,Мясо
ребро,Мясо
рулька,Мясо
сало,Мясо
сарделька,Мясо
свинина,Мясо
свиной,Мясо
сердечко,Мясо
сосиска,Мясо
фарш,Мясо
филе,Мясо
шашлык,Мясо
шейк,Мясо
абрикос,Овощи и фрукты
авокадо,Овощи и фрукты
ананас,Овощи и фрукты
апельсин,Овощи и фрукты
базилик,Овощи и фрукты
баклажан,Овощи и фрукты
банан,Овощи и фрукты
барбарис,Овощи и фрукты
батат,Овощи и фрукты
болга,Овощи и фрукты
болгарский,Овощи и фрукты
брокколи,Овощи и фрукты
виноград,Овощи и фрукты
вишня,Овощи и фрукты
голубика,Овощи и фрукты
гриб,Овощи и фрукты
гриб,Овощи и фрукты
груша,Овощи и фрукты
зелень,Овощи и фрукты
имбирь,Овощи и фрукты
кабачок,Овощи и фрукты
капуста,Овощи и фрукты
картошка,Овощи и фрукты
киви,Овощи и фрукты
кинза,Овощи и фрукты
клубника,Овощи и фрукты
лимон,Овощи и фрукты
лук,Овощи и фрукты
малина,Овощи и фрукты
манго,Овощи и фрукты
мандарин,Овощи и фрукты
морковь,Овощи и фрукты
мята,Овощи и фрукты
огурец,Овощи и фрукты
паприка,Овощи и фрукты
петрушка,Овощи и фрукты
помидор,Овощи и фрукты
романо,Овощи и фрукты
руккола,Овощи и фрукты
салат,Овощи и фрукты
свёкла,Овощи и фрукты
сельдерей,Овощи и фрукты
семечко,Овощи и фрукты
слив,Овощи и фрукты
спаржа,Овощи и фрукты
тимьян,Овощи и фрукты
тыква,Овощи и фрукты
укроп,Овощи и фрукты
халапеньо,Овощи и фрукты
хурма,Овощи и фрукты
цуккиня,Овощи и фрукты
черника,Овощи и фрукты
черри,Овощи и фрукты
чеснок,Овощи и фрукты
шампиньон,Овощи и фрукты
шампиньоны,Овощи и фрукты
шпинат,Овощи и фрукты
яблоко,Овощи и фрукты
кальмар,Рыба
креветка,Рыба
лосось,Рыба
рыба,Рыба
сёмга,Рыба
вино,Соки\Напитки
вода,Соки\Напитки
газировка,Соки\Напитки
кола,Соки\Напитки
минералка,Соки\Напитки
пепси,Соки\Напитки
пиво,Соки\Напитки
сок,Соки\Напитки
спрайт,Соки\Напитки
аджика,Соусы
бальзамик,Соусы
брусничный,Соусы
горчица,Соусы
гранатовый,Соусы
долмио,Соусы
кетчуп,Соусы
майонез,Соусы
сацебель,Соусы
соус,Соусы
ткемали,Соусы
уксус,Соусы
хрен,Соусы
батарейка,Хозтовары
булавка,Хозтовары
бумага,Хозтовары
вантуз,Хозтовары
губка,Хозтовары
ловушка,Хозтовары
мыло,Хозтовары
ополаскиватель,Хозтовары
отбеливатель,Хозтовары
пакет,Хозтовары
пленка,Хозтовары
плёнка,Хозтовары
полотенце,Хозтовары
посуда,Хозтовары
салфетка,Хозтовары
сиф,Хозтовары
ср-в,Хозтовары
средство,Хозтовары
станок,Хозтовары
стир,Хозтовары
стиральный,Хозтовары
унитаз,Хозтовары
фольга,Хозтовары
щётка,Хозтовары
багет,Хлеб
булка,Хлеб
сухарик,Хлеб
сухарь,Хлеб
хлебец,Хлеб