Category;Product
ü•©–ú—è—Å–æ;–∫—É—Ä–∏—Ü–∞,–∫—É—Ä–∏–Ω–∞—è,–∫—É—Ä–∏–Ω–æ–µ,–∫—É—Ä–∏–Ω—ã–π,–∫—É—Ä–∏–Ω—ã–µ,–º—è—Å–æ,–º—è—Å–Ω–æ–π,–º—è—Å–Ω–∞—è,–º—è—Å–Ω–æ–µ,–º—è—Å–Ω—ã–µ,–≥–æ–≤—è–¥–∏–Ω–∞,–≥–æ–≤—è–∂–∏–π,–≥–æ–≤—è–∂–∏–µ,–∫–æ—Ç–ª–µ—Ç—ã,–æ—Ç–±–∏–≤–Ω—ã–µ,–∫—Ä—ã–ª—å—è,–æ–∫–æ—Ä–æ—á–æ–∫,—Å–≤–∏–Ω–∏–Ω–∞,–∏–Ω–¥–µ–π–∫–∞,–±–µ–∫–æ–Ω,–æ–∫–æ—Ä–æ–∫,–ª–æ–ø–∞—Ç–∫–∞,—Ä—ë–±—Ä–∞,–ø–µ—á–µ–Ω—å,—Å–µ—Ä–¥–µ—á–∫–∏,–ø—É–ø–∫–∏,–∂–µ–ª—É–¥–∫–∏,—Ä—É–ª—å–∫–∞,–∫–æ—Ä–µ–π–∫–∞,–≤—ã–µ—Ä–∑–∫–∞,—à–µ–π–∫–∞,—à–∞—à–ª—ã–∫,–∏–Ω–¥–µ–π–∫–∏,—Å–≤–∏–Ω—ã–µ,,–†–µ–±—Ä–∞
üçñ–ö–æ–ª–±–∞—Å—ã;–∫–æ–ª–±–∞—Å–∞,–∫–∞—Ä–±–æ–Ω–∞–¥,—Å–∞–ª–æ,—Å–æ—Å–∏—Å–∫–∏,—Å–∞—Ä–¥–µ–ª—å–∫–∏,–≤–µ—Ç—á–∏–Ω–∞,
ü•õ–ú–æ–ª–æ—á–Ω—ã–µ –ø—Ä–æ–¥—É–∫—Ç—ã;—Å—ã—Ä,—Ç–≤–æ—Ä–æ–≥,–∫–µ—Ñ–∏—Ä,–º–æ–ª–æ–∫–æ,–π–æ–≥—É—Ä—Ç,—Å–ª–∏–≤–∫–∏,—Å–º–µ—Ç–∞–Ω–∞,–ø—Ä–æ—Å—Ç–æ–∫–≤–∞—à–∞,—Ä—è–∂–µ–Ω–∫–∞,—Å–≥—É—â—ë–Ω–∫–∞,—Å–≥—É—â–µ–Ω–∫–∞,—Å–ª–∏–≤–æ—á–Ω–æ–µ,—Å—ã—Ä–∫–∏,—è–π—Ü–∞,,—Å—É–ª—É–≥—É–Ω–∏
üåæ–ö—Ä—É–ø—ã;–≥—Ä–µ—á–∫–∞,—Ö–ª–æ–ø—å—è,–æ–≤—Å—è–Ω–∫–∞,–±—É–ª–≥—É—Ä,–∫–∏–Ω–æ–∞,–≥–æ—Ä–æ—Ö,—á–µ—á–µ–≤–∏—Ü–∞,—Ñ–∞—Å–æ–ª—å,–ø–µ—Ä–ª–æ–≤–∫–∞,–∫—É—Å–∫—É—Å,–∫—É—Å-–∫—É—Å,–∫—É—Å,–º–∞–∫–∞—Ä–æ–Ω—ã,—Å–ø–∞–≥–µ—Ç—Ç–∏,—Ñ—É–Ω—á–æ–∑–∞,—É–¥–æ–Ω,–≤–µ—Ä–º–∏—à–µ–ª—å,—Ä–∏—Å,—Å–∞—Ö–∞—Ä,—Å–æ–ª—å,—Ä–∞—Ñ–∏–Ω–∞–¥,–º—É–∫–∞,—Ä–∞–∑—Ä—ã—Ö–ª–∏—Ç–µ–ª—å,–¥—Ä–æ–∂–∂–∏,–ø—Ä–∏–ø—Ä–∞–≤–∞,—Ç—Ä–∞–≤—ã,–ø—Ä–∏–ø—Ä–∞–≤—ã,–ø—É–¥—Ä–∞,–∫—É—Ä–∫—É–º–∞
ü•´–°–æ—É—Å—ã;–∫–µ—Ç—á—É–ø,–º–∞–π–æ–Ω–µ–∑,–≥–æ—Ä—á–∏—Ü–∞,—Ö—Ä–µ–Ω,—Ç–∫–µ–º–∞–ª–∏,–≥—Ä–∞–Ω–∞—Ç–æ–≤—ã–π,—Å–æ—É—Å,–±—Ä—É—Å–Ω–∏—á–Ω—ã–π,—É–∫—Å—É—Å,–±–∞–ª—å–∑–∞–º–∏–∫,–∞–¥–∂–∏–∫–∞,—Å–∞—Ü–µ–±–µ–ª–∏
ü•ó–û–≤–æ—â–∏ –∏ —Ñ—Ä—É–∫—Ç—ã;–∫–∞—Ä—Ç–æ—à–∫–∞,–ª—É–∫,–æ–≥—É—Ä—Ü—ã,–º–æ—Ä–∫–æ–≤—å,—Å–≤–µ–∫–ª–∞,—Å–≤—ë–∫–ª–∞,–ø–æ–º–∏–¥–æ—Ä—ã,—á–µ—Ä—Ä–∏,–∫–∞–±–∞—á–∫–∏,–∫–∞–±–∞—á–æ–∫,–±–∞–∫–ª–∞–∂–∞–Ω,–±–∞–∫–ª–∞–∂–∞–Ω—ã,–±—Ä–æ–∫–∫–æ–ª–∏,—á–µ—Å–Ω–æ–∫,—Ç—ã–∫–≤–∞,–∏–º–±–∏—Ä—å,–±–æ–ª–≥,–±–æ–ª–≥–∞—Ä—Å–∫–∏–π,–∞–≤–æ–∫–∞–¥–æ,—Å–∞–ª–∞—Ç,–∫–∞–ø—É—Å—Ç–∞,—Ä–æ–º–∞–Ω–æ,–ø–µ—Ç—Ä—É—à–∫–∞,—É–∫—Ä–æ–ø,–∫–∏–Ω–∑–∞,—è–±–ª–æ–∫–æ,—è–±–ª–æ–∫–∏,–≥—Ä—É—à–∏,–∞–Ω–∞–Ω–∞—Å,–º–∞–Ω–¥–∞—Ä–∏–Ω—ã,–ª–∏–º–æ–Ω—ã,–±–∞–Ω–∞–Ω—ã,–∫–∏–≤–∏,–º–∞–Ω–≥–æ,—Ö—É—Ä–º–∞,–∫–ª—É–±–Ω–∏–∫–∞,—á–µ—Ä–Ω–∏–∫–∞,–º–∞–ª–∏–Ω–∞,–≥–æ–ª—É–±–∏–∫–∞,—Å–ª–∏–≤—ã,–∞–±—Ä–∏–∫–æ—Å—ã,—Ü—É–∫–∫–∏–Ω–∏,—Å–µ–ª—å–¥–µ—Ä–µ–π,–∞–ø–µ–ª—å—Å–∏–Ω—ã,–≤–∏—à–Ω—è,,–ª–∏–º–æ–Ω,–ª–∏–º–æ–Ω—ã,—à–ø–∏–Ω–∞—Ç,–≥—Ä—É—à–∏,–≥—Ä—É—à–∞,—Ö–∞–ª–∞–ø–µ–Ω—å–æ,–ø–∞–ø—Ä–∏–∫–∞,–≤–∏–Ω–æ–≥—Ä–∞–¥
ü•ê–ö–æ–Ω–¥–∏—Ç–µ—Ä—Å–∫–∏–µ;—à–æ–∫–æ–ª–∞–¥,–ø–µ—á–µ–Ω—å–µ,–ø—Ä—è–Ω–∏–∫–∏,—à–æ–∫–æ–ª–∞–¥–Ω—ã–π,—à–æ–∫–æ–ª–∞–¥–Ω—ã–µ,—à–æ–∫–æ–ª–∞–¥–Ω–æ–µ,—à–æ–∫–æ–ª–∞–¥–Ω–∞—è,—Ö–ª–µ–±–∞,—Ö–ª–µ–±,—á–∞—é,—à–æ–∫–æ–ª–∞–¥
üõ†üßπ–•–æ–∑—Ç–æ–≤–∞—Ä—ã;–º—ã–ª–æ,—Å—Ä–µ–¥—Å—Ç–≤–æ,—Å—Ä-–≤–æ,—â—ë—Ç–∫–∞,—â–µ—Ç–∫–∞,—Å—Ä-–≤–æ,—Å—Ç–∏—Ä,—Å—Ç–∏—Ä–∞–ª—å–Ω—ã–π,–ø–æ—Å—É–¥—ã,—Å—Ç–∞–Ω–∫–∏
ü•ñ–•–ª–µ–±;—Ö–ª–µ–±,—Ö–ª–µ–±—Ü—ã,—Å—É—Ö–∞—Ä–∏,—Å—É—Ö–∞—Ä–∏–∫–∏,–±–∞–≥–µ—Ç
ü•´–ö–æ–Ω—Å–µ—Ä–≤—ã;—à–ø—Ä–æ—Ç—ã,–æ–ª–∏–≤–∫–∏,–º–∞—Å–ª–∏–Ω—ã,—Å–∞—Ä–¥–∏–Ω–∞,—Å–∞—Ä–¥–∏–Ω—ã,–∏–∫—Ä–∞,–∏–∫—Ä–∞
ü•§–°–æ–∫–∏\–Ω–∞–ø–∏—Ç–∫–∏;—Å–æ–∫,–≤–æ–¥–∞,–≥–∞–∑–∏—Ä–æ–≤–∫–∞,–∫–æ–ª–∞,—Å–ø—Ä–∞–π—Ç,–ø–µ–ø—Å–∏
